listing_id,city,locality,property_type,bedrooms,bathrooms,area_sqft,property_price,days_on_market,latitude,longitude,listing_date,status
RE-1001,Surat,Adajan,Apartment,2,2,1130.0,6710000.0,45,21.188329,72.801913,2026-08-13,Active
RE-1002,Surat,Athwa,Apartment,2,2,1100.0,7580000.0,68,21.167183,72.818255,2026-07-24,Active
RE-1003,Surat,Athwa,Apartment,2,3,970.0,5200000.0,38,21.154325,72.820702,2026-08-13,Active
RE-1004,Ahmedabad,Maninagar,Villa,3,2,2210.0,10350000.0,21,22.989552,72.593526,2026-09-09,Active
RE-1005,Surat,Varachha,Apartment,2,3,1300.0,4310000.0,43,21.230357,72.872365,2026-08-13,Active
RE-1006,Ahmedabad,Thaltej,Independent House,3,3,1480.0,9890000.0,41,23.046396,72.50325,2026-08-20,Active
RE-1007,Ahmedabad,Chandkheda,Apartment,2,2,950.0,3590000.0,85,23.106798,72.584967,2026-06-27,Active
RE-1008,Surat,Vesu,Independent House,1,2,630.0,5300000.0,51,21.146253,72.758242,2026-08-07,Active
RE-1009,Ahmedabad,Bopal,Apartment,2,2,830.0,6380000.0,51,23.031312,72.470291,2026-08-05,Active
RE-1010,Ahmedabad,Vastrapur,Independent House,3,2,1220.0,9870000.0,20,23.037236,72.536343,2026-09-09,Active
RE-1011,Surat,Vesu,Apartment,2,2,1110.0,6210000.0,12,21.148493,72.775326,2026-09-08,Active
RE-1012,Surat,Pal,Independent House,3,2,1660.0,6330000.0,67,21.209965,72.783145,2026-07-22,Active
RE-1013,Vadodara,Manjalpur,Apartment,4,2,2050.0,7500000.0,75,22.273934,73.172538,2026-07-08,Active
RE-1014,Ahmedabad,Maninagar,Apartment,4,2,2320.0,13380000.0,38,22.994568,72.608021,2026-08-16,Active
RE-1015,Ahmedabad,Vastrapur,Independent House,2,2,1110.0,12210000.0,35,23.048973,72.532029,2026-08-17,Active
RE-1016,Ahmedabad,Maninagar,Apartment,1,2,1000.0,5050000.0,25,22.995522,72.600206,2026-09-04,Active
RE-1017,Surat,Varachha,Villa,2,3,1440.0,8540000.0,8,21.211794,72.86103,2026-09-13,Under Review
RE-1018,Vadodara,Alkapuri,Villa,2,4,1240.0,7570000.0,62,22.305149,73.176989,2026-07-22,Active
RE-1019,Vadodara,Gotri,Apartment,2,4,1200.0,7380000.0,54,22.308231,73.141053,2026-08-07,Under Review
RE-1020,Vadodara,Vasna Road,Apartment,2,4,1000.0,3740000.0,61,22.282647,73.146219,2026-07-21,Active
RE-1021,Surat,Athwa,Apartment,2,3,1100.0,4650000.0,53,21.154069,72.817073,2026-08-06,Active
RE-1022,Ahmedabad,Thaltej,Apartment,2,2,980.0,6810000.0,42,23.049032,72.507424,2026-08-14,Active
RE-1023,Ahmedabad,Satellite,Apartment,3,3,1890.0,15700000.0,55,23.029889,72.504959,2026-08-05,Active
RE-1024,Ahmedabad,Prahlad Nagar,Apartment,3,3,1200.0,6910000.0,32,23.012361,72.524779,2026-08-21,Active
RE-1025,Surat,Varachha,Penthouse,4,3,2270.0,9230000.0,62,21.217039,72.869956,2026-07-27,Active
RE-1026,Surat,Pal,Apartment,3,2,1630.0,9230000.0,29,21.219746,72.779544,2026-08-31,Active
RE-1027,Vadodara,Alkapuri,Villa,2,4,1740.0,15080000.0,19,22.304716,73.180461,2026-09-08,Active
RE-1028,Surat,Adajan,Apartment,4,2,1800.0,7550000.0,74,21.195598,72.796979,2026-07-13,Active
RE-1029,Vadodara,Harni,Apartment,2,2,790.0,3670000.0,49,22.348218,73.219512,2026-08-03,Active
RE-1030,Vadodara,Sama,Apartment,2,3,1150.0,4140000.0,44,22.3403,73.203068,2026-08-11,Active
RE-1031,Vadodara,Alkapuri,Villa,5,4,3970.0,37750000.0,35,22.318183,73.195235,2026-08-25,Active
RE-1032,Vadodara,Gotri,Apartment,2,2,1000.0,6460000.0,43,22.301559,73.144691,2026-08-11,Active
RE-1033,Vadodara,Harni,Apartment,4,3,1560.0,7580000.0,29,22.348706,73.232302,2026-08-25,Active
RE-1034,Ahmedabad,Satellite,Villa,3,2,2030.0,14600000.0,68,23.031758,72.510714,2026-07-24,Under Review
RE-1035,Ahmedabad,Chandkheda,Apartment,2,2,1360.0,7370000.0,57,23.114407,72.579273,2026-07-29,Active
RE-1036,Vadodara,Alkapuri,Penthouse,2,4,1110.0,11350000.0,25,22.31578,73.182477,2026-08-29,Active
RE-1037,Surat,Athwa,Villa,3,2,2210.0,11580000.0,89,21.161781,72.810369,2026-06-30,Active
RE-1038,Surat,Athwa,Apartment,2,3,1200.0,7920000.0,43,21.170078,72.823721,2026-08-18,Active
RE-1039,Surat,Vesu,Apartment,3,2,1390.0,8090000.0,106,21.139222,72.775863,2026-06-14,Active
RE-1040,Surat,Vesu,Apartment,4,3,1960.0,11260000.0,53,21.143659,72.774284,2026-07-30,Active
RE-1041,Ahmedabad,Bopal,Apartment,3,2,1560.0,11960000.0,50,23.027285,72.469662,2026-08-03,Active
RE-1042,Ahmedabad,Thaltej,Apartment,2,3,1230.0,8440000.0,41,23.051285,72.497526,2026-08-10,Active
RE-1043,Vadodara,Gotri,Apartment,3,2,1490.0,8020000.0,59,22.301386,73.135146,2026-07-24,Under Review
RE-1044,Surat,Vesu,Apartment,2,2,1230.0,9980000.0,49,21.151498,72.776323,2026-08-07,Active
RE-1045,Vadodara,Manjalpur,Apartment,4,4,1520.0,7450000.0,37,22.276827,73.176543,2026-08-20,Active
RE-1046,Surat,Adajan,Villa,3,2,1960.0,11730000.0,69,21.198425,72.806813,2026-07-13,Active
RE-1047,Vadodara,Gotri,Row House,3,3,1920.0,12850000.0,65,22.293085,73.130995,2026-07-25,Active
RE-1048,Ahmedabad,Thaltej,Apartment,3,2,1490.0,8290000.0,34,23.063888,72.493796,2026-08-23,Active
RE-1049,Ahmedabad,Bopal,Villa,4,2,2920.0,14470000.0,23,23.024641,72.462991,2026-09-07,Active
RE-1050,Surat,Pal,Apartment,2,2,1310.0,5200000.0,50,21.210618,72.786299,2026-08-05,Active
RE-1051,Ahmedabad,Prahlad Nagar,Apartment,4,3,1960.0,15430000.0,42,23.020181,72.514973,2026-08-10,Active
RE-1052,Ahmedabad,Satellite,Apartment,4,2,1950.0,15740000.0,64,23.026029,72.520115,2026-07-28,Active
RE-1053,Surat,Vesu,Villa,2,3,1240.0,7280000.0,45,21.140369,72.779968,2026-08-08,Active
RE-1054,Surat,Vesu,Row House,2,2,1140.0,7170000.0,41,21.155593,72.77243,2026-08-18,Under Review
RE-1055,Vadodara,Alkapuri,Apartment,4,4,1560.0,13760000.0,74,22.312264,73.189908,2026-07-12,Active
RE-1056,Ahmedabad,Vastrapur,Apartment,3,3,1140.0,8390000.0,88,23.047601,72.525754,2026-06-28,Active
RE-1057,Ahmedabad,SG Highway,Independent House,3,2,1550.0,11550000.0,67,23.044883,72.499404,2026-07-21,Active
RE-1058,Ahmedabad,Satellite,Villa,2,2,1120.0,11230000.0,45,23.039794,72.506419,2026-08-12,Active
RE-1059,Vadodara,Sama,Villa,4,2,2450.0,12080000.0,58,22.345351,73.219088,2026-07-29,Active
RE-1060,Vadodara,Vasna Road,Villa,5,3,3740.0,16800000.0,78,22.286194,73.151399,2026-07-14,Active
RE-1061,Vadodara,Akota,Apartment,5,3,2630.0,19410000.0,52,22.278616,73.182683,2026-08-08,Active
RE-1062,Ahmedabad,Vastrapur,Apartment,2,3,950.0,8550000.0,90,23.039089,72.53353,2026-06-24,Active
RE-1063,Surat,Vesu,Apartment,1,3,680.0,3600000.0,31,21.15031,72.767213,2026-08-20,Active
RE-1064,Vadodara,Gotri,Independent House,2,2,950.0,5950000.0,40,22.305398,73.141844,2026-08-17,Active
RE-1065,Vadodara,Manjalpur,Apartment,2,4,1190.0,4200000.0,60,22.27831,73.170739,2026-07-22,Active
RE-1066,Surat,Vesu,Villa,2,2,1010.0,9600000.0,23,21.148283,72.768787,2026-08-30,Active
RE-1067,Vadodara,Karelibaug,Apartment,3,3,1400.0,7140000.0,73,22.327553,73.19657,2026-07-09,Active
RE-1068,Vadodara,Karelibaug,Apartment,3,2,1450.0,7710000.0,70,22.334092,73.193138,2026-07-20,Active
RE-1069,Surat,Athwa,Apartment,3,2,1530.0,11950000.0,49,21.181474,72.821391,2026-08-09,Active
RE-1070,Ahmedabad,Prahlad Nagar,Apartment,2,2,750.0,5240000.0,39,23.018949,72.51475,2026-08-15,Active
RE-1071,Vadodara,Sama,Row House,3,2,1830.0,6590000.0,64,22.340805,73.204947,2026-07-22,Active
RE-1072,Ahmedabad,Satellite,Row House,4,2,1490.0,17590000.0,91,23.025047,72.513072,2026-06-30,Active
RE-1073,Ahmedabad,Maninagar,Apartment,2,3,1120.0,6390000.0,36,22.9924,72.603223,2026-08-24,Active
RE-1074,Surat,Athwa,Penthouse,3,4,1900.0,10970000.0,69,21.161311,72.806555,2026-07-16,Active
RE-1075,Surat,Varachha,Independent House,3,3,1280.0,6660000.0,47,21.202778,72.87942,2026-08-12,Active
RE-1076,Vadodara,Manjalpur,Independent House,4,3,1860.0,8070000.0,55,22.276936,73.170037,2026-08-02,Active
RE-1077,Vadodara,Karelibaug,Apartment,1,2,700.0,3990000.0,74,22.321326,73.189935,2026-07-14,Active
RE-1078,Vadodara,Gotri,Apartment,2,2,990.0,6610000.0,57,22.301345,73.140076,2026-08-02,Active
RE-1079,Vadodara,Sama,Apartment,3,3,1470.0,8840000.0,36,22.358655,73.207437,2026-08-25,Active
RE-1080,Vadodara,Alkapuri,Independent House,3,2,1350.0,10950000.0,89,22.315234,73.1811,2026-06-27,Active
RE-1081,Vadodara,Sama,Independent House,4,4,2630.0,11370000.0,39,22.344054,73.19687,2026-08-16,Active
RE-1082,Surat,Athwa,Row House,3,2,1940.0,9070000.0,15,21.172051,72.826257,2026-09-11,Active
RE-1083,Vadodara,Akota,Villa,3,2,2260.0,16720000.0,40,22.294452,73.18386,2026-08-19,Active
RE-1084,Surat,Athwa,Apartment,2,2,1170.0,8760000.0,45,21.177077,72.812185,2026-08-07,Active
RE-1085,Surat,Varachha,Apartment,3,2,1050.0,5590000.0,79,21.216654,72.871672,2026-07-13,Active
RE-1086,Ahmedabad,Maninagar,Apartment,3,3,880.0,3990000.0,33,22.995031,72.602282,2026-08-22,Active
RE-1087,Vadodara,Gotri,Apartment,3,2,1350.0,6730000.0,64,22.291788,73.143213,2026-07-28,Under Review
RE-1088,Ahmedabad,Bopal,Independent House,3,2,1700.0,10080000.0,82,23.031994,72.460509,2026-07-10,Active
RE-1089,Ahmedabad,Prahlad Nagar,Apartment,3,2,1810.0,14090000.0,54,23.01302,72.516919,2026-08-06,Active
RE-1090,Vadodara,Manjalpur,Independent House,2,4,1220.0,5070000.0,51,22.278872,73.183212,2026-08-01,Under Review
RE-1091,Ahmedabad,Prahlad Nagar,Penthouse,2,3,1070.0,8450000.0,61,23.001615,72.518666,2026-07-31,Active
RE-1092,Surat,Varachha,Apartment,3,4,1660.0,6150000.0,49,21.224014,72.870445,2026-08-11,Active
RE-1093,Ahmedabad,Bopal,Villa,2,2,1790.0,15040000.0,20,23.029912,72.469778,2026-08-31,Active
RE-1094,Surat,Adajan,Apartment,2,4,1000.0,6740000.0,14,21.182595,72.799465,2026-09-11,Active
RE-1095,Vadodara,Alkapuri,Independent House,4,2,1540.0,8820000.0,69,22.303392,73.182926,2026-07-22,Active
RE-1096,Surat,Varachha,Independent House,2,2,1180.0,5140000.0,42,21.209086,72.873024,2026-08-11,Under Review
RE-1097,Surat,Athwa,Independent House,3,2,1330.0,7000000.0,36,21.161395,72.813851,2026-08-16,Active
RE-1098,Ahmedabad,Vastrapur,Row House,2,4,1220.0,12430000.0,5,23.035802,72.531284,2026-09-18,Active
RE-1099,Vadodara,Akota,Apartment,4,2,1910.0,13150000.0,51,22.285582,73.178477,2026-08-08,Active
RE-1100,Vadodara,Akota,Apartment,3,3,1320.0,7510000.0,27,22.280909,73.183201,2026-08-30,Active
RE-1101,Ahmedabad,Bopal,Apartment,2,4,1330.0,5760000.0,43,23.035108,72.459072,2026-08-10,Active
RE-1102,Vadodara,Harni,Apartment,1,4,650.0,2820000.0,63,22.344232,73.219267,2026-07-25,Active
RE-1103,Ahmedabad,Vastrapur,Villa,2,3,1050.0,9030000.0,52,23.038879,72.529713,2026-08-01,Active
RE-1104,Surat,Athwa,Apartment,3,2,1200.0,6530000.0,38,21.180123,72.82029,2026-08-19,Active
RE-1105,Ahmedabad,SG Highway,Apartment,3,4,1450.0,7750000.0,81,23.059246,72.511087,2026-07-09,Active
RE-1106,Vadodara,Manjalpur,Independent House,5,2,2420.0,8190000.0,91,22.269746,73.166703,2026-06-23,Active
RE-1107,Ahmedabad,Vastrapur,Apartment,2,2,1210.0,9630000.0,86,23.040166,72.530764,2026-07-06,Active
RE-1108,Vadodara,Alkapuri,Penthouse,3,3,1640.0,11780000.0,47,22.306096,73.177077,2026-08-12,Active
RE-1109,Ahmedabad,Satellite,Apartment,3,2,1310.0,9440000.0,34,23.014983,72.519108,2026-08-20,Active
RE-1110,Vadodara,Harni,Apartment,1,4,690.0,3610000.0,42,22.341539,73.229532,2026-08-12,Active
RE-1111,Surat,Adajan,Apartment,3,2,1570.0,10320000.0,32,21.20726,72.809718,2026-08-25,Active
RE-1112,Ahmedabad,Chandkheda,Villa,3,3,2250.0,10300000.0,36,23.10542,72.574171,2026-08-22,Active
RE-1113,Vadodara,Harni,Apartment,3,3,1070.0,3430000.0,52,22.335854,73.229786,2026-08-03,Active
RE-1114,Ahmedabad,Bopal,Row House,2,2,990.0,6110000.0,53,23.026089,72.465284,2026-08-05,Active
RE-1115,Ahmedabad,SG Highway,Apartment,1,4,560.0,2940000.0,36,23.041388,72.509562,2026-08-25,Active
RE-1116,Surat,Varachha,Apartment,2,3,1240.0,5390000.0,63,21.20017,72.865219,2026-07-25,Active
RE-1117,Ahmedabad,SG Highway,Row House,3,2,1820.0,15750000.0,47,23.046018,72.505536,2026-08-04,Active
RE-1118,Vadodara,Gotri,Apartment,3,2,1560.0,9790000.0,83,22.302026,73.137529,2026-07-05,Active
RE-1119,Ahmedabad,Prahlad Nagar,Independent House,3,3,1340.0,9100000.0,43,23.015261,72.51621,2026-08-09,Active
RE-1120,Ahmedabad,Maninagar,Villa,3,3,1270.0,9610000.0,59,23.002207,72.599552,2026-07-29,Active
RE-1121,Vadodara,Gotri,Villa,4,2,1770.0,10230000.0,35,22.30631,73.134939,2026-08-21,Active
RE-1122,Ahmedabad,SG Highway,Penthouse,4,2,1750.0,19260000.0,56,23.049976,72.491733,2026-07-27,Active
RE-1123,Surat,Pal,Apartment,3,4,1500.0,5490000.0,67,21.215991,72.788414,2026-07-23,Active
RE-1124,Vadodara,Manjalpur,Apartment,3,2,1250.0,6080000.0,43,22.278797,73.188624,2026-08-08,Active
RE-1125,Vadodara,Akota,Apartment,2,2,1080.0,4820000.0,52,22.283452,73.170098,2026-08-08,Active
RE-1126,Vadodara,Harni,Apartment,4,2,2420.0,12750000.0,64,22.351225,73.22194,2026-07-20,Active
RE-1127,Vadodara,Manjalpur,Apartment,5,2,2490.0,12130000.0,40,22.272436,73.171684,2026-08-15,Active
RE-1128,Surat,Athwa,Apartment,1,3,750.0,4980000.0,63,21.172481,72.826261,2026-07-21,Active
RE-1129,Surat,Varachha,Independent House,2,2,920.0,3250000.0,23,21.216024,72.875013,2026-08-30,Active
RE-1130,Vadodara,Harni,Apartment,5,4,2230.0,12170000.0,13,22.34668,73.218247,2026-09-08,Active
RE-1131,Ahmedabad,Vastrapur,Apartment,3,2,2020.0,12320000.0,54,23.050693,72.533542,2026-08-06,Active
RE-1132,Vadodara,Gotri,Villa,2,2,1470.0,6770000.0,56,22.311292,73.148073,2026-08-01,Active
RE-1133,Vadodara,Harni,Penthouse,2,2,1580.0,10970000.0,37,22.344459,73.229686,2026-08-16,Active
RE-1134,Surat,Athwa,Independent House,2,3,1480.0,9140000.0,58,21.169052,72.812439,2026-08-02,Active
RE-1135,Vadodara,Manjalpur,Independent House,2,3,880.0,3990000.0,14,22.273621,73.178769,2026-09-12,Active
RE-1136,Surat,Varachha,Independent House,2,3,1260.0,5410000.0,31,21.213442,72.860981,2026-08-23,Active
RE-1137,Surat,Varachha,Apartment,2,2,1010.0,4140000.0,42,21.219827,72.869057,2026-08-16,Under Review
RE-1138,Surat,Varachha,Apartment,3,3,1700.0,7550000.0,15,21.213387,72.863361,2026-09-15,Active
RE-1139,Surat,Varachha,Apartment,3,3,2050.0,6100000.0,53,21.210305,72.874046,2026-07-29,Under Review
RE-1140,Ahmedabad,Prahlad Nagar,Apartment,3,3,1420.0,9090000.0,55,23.011803,72.506739,2026-08-05,Active
RE-1141,Ahmedabad,Maninagar,Apartment,2,2,930.0,5800000.0,50,23.003331,72.586044,2026-08-01,Under Review
RE-1142,Vadodara,Manjalpur,Apartment,3,2,970.0,4130000.0,27,22.272944,73.172771,2026-08-24,Active
RE-1143,Surat,Athwa,Apartment,2,2,810.0,5380000.0,32,21.167829,72.814582,2026-08-22,Active
RE-1144,Surat,Adajan,Apartment,3,4,1560.0,8910000.0,36,21.19933,72.793226,2026-08-21,Under Review
RE-1145,Ahmedabad,Chandkheda,Penthouse,3,4,1590.0,11040000.0,61,23.107896,72.583625,2026-07-30,Active
RE-1146,Vadodara,Alkapuri,Apartment,3,3,1640.0,13810000.0,33,22.307834,73.186956,2026-08-24,Active
RE-1147,Ahmedabad,SG Highway,Apartment,3,2,1200.0,7410000.0,64,23.034981,72.515588,2026-07-26,Active
RE-1148,Surat,Varachha,Villa,2,3,1140.0,4970000.0,31,21.20566,72.873636,2026-08-21,Active
RE-1149,Surat,Pal,Apartment,3,4,1150.0,5760000.0,87,21.204479,72.78173,2026-06-28,Active
RE-1150,Surat,Vesu,Apartment,4,3,2250.0,18810000.0,55,21.142818,72.769658,2026-07-28,Active
RE-1151,Surat,Pal,Apartment,2,2,1100.0,5790000.0,13,21.211263,72.782491,2026-09-11,Active
RE-1152,Ahmedabad,Chandkheda,Apartment,3,4,1150.0,4880000.0,54,23.111175,72.57913,2026-08-03,Active
RE-1153,Vadodara,Manjalpur,Apartment,4,4,2080.0,9350000.0,21,22.272185,73.178162,2026-09-09,Active
RE-1154,Vadodara,Manjalpur,Independent House,2,2,1320.0,6460000.0,79,22.263955,73.167323,2026-07-08,Active
RE-1155,Surat,Pal,Villa,3,2,1760.0,7720000.0,52,21.212912,72.786191,2026-07-30,Active
RE-1156,Surat,Adajan,Row House,3,2,1280.0,6450000.0,63,21.189461,72.79189,2026-07-25,Active
RE-1157,Surat,Pal,Independent House,2,3,890.0,4860000.0,69,21.227488,72.783173,2026-07-19,Active
RE-1158,Ahmedabad,SG Highway,Apartment,3,2,1470.0,8610000.0,55,23.041546,72.505732,2026-08-01,Active
RE-1159,Ahmedabad,Vastrapur,Row House,4,2,3160.0,25760000.0,54,23.037887,72.531455,2026-08-03,Active
RE-1160,Ahmedabad,Maninagar,Penthouse,2,4,1300.0,8790000.0,41,22.991238,72.612875,2026-08-17,Active
RE-1161,Surat,Varachha,Penthouse,3,3,1940.0,12110000.0,40,21.208473,72.875577,2026-08-16,Active
RE-1162,Ahmedabad,Vastrapur,Apartment,2,2,750.0,4880000.0,70,23.039553,72.533724,2026-07-12,Active
RE-1163,Surat,Varachha,Independent House,4,3,2010.0,11010000.0,29,21.2199,72.873712,2026-08-31,Active
RE-1164,Ahmedabad,Thaltej,Row House,2,3,1460.0,14130000.0,69,23.049579,72.495034,2026-07-22,Active
RE-1165,Surat,Pal,Villa,2,2,1510.0,6700000.0,52,21.219911,72.785803,2026-08-09,Active
RE-1166,Vadodara,Gotri,Apartment,4,2,2090.0,14010000.0,51,22.299763,73.144089,2026-08-08,Active
RE-1167,Surat,Athwa,Apartment,3,4,1460.0,7900000.0,52,21.161569,72.818006,2026-08-07,Active
RE-1168,Ahmedabad,Maninagar,Villa,4,2,2190.0,15270000.0,81,22.993879,72.599362,2026-07-07,Active
RE-1169,Ahmedabad,Maninagar,Apartment,2,4,1290.0,6040000.0,51,23.000207,72.603698,2026-08-05,Active
RE-1170,Vadodara,Akota,Apartment,2,3,820.0,3270000.0,59,22.290494,73.181393,2026-08-01,Active
RE-1171,Ahmedabad,SG Highway,Villa,3,2,1800.0,14320000.0,80,23.050519,72.506883,2026-07-12,Active
RE-1172,Ahmedabad,Prahlad Nagar,Independent House,2,2,770.0,7230000.0,12,23.009479,72.508309,2026-09-10,Active
RE-1173,Ahmedabad,Thaltej,Independent House,3,2,1140.0,8330000.0,33,23.038398,72.497756,2026-08-19,Active
RE-1174,Ahmedabad,Vastrapur,Independent House,2,2,870.0,10550000.0,61,23.045906,72.528716,2026-07-31,Active
RE-1175,Ahmedabad,Thaltej,Apartment,2,3,1040.0,8550000.0,61,23.057003,72.514727,2026-07-29,Active
RE-1176,Ahmedabad,Bopal,Apartment,3,3,1090.0,5270000.0,53,23.026261,72.461667,2026-07-31,Active
RE-1177,Surat,Vesu,Row House,1,3,670.0,3650000.0,67,21.14276,72.762959,2026-07-15,Active
RE-1178,Surat,Adajan,Apartment,3,2,1630.0,6670000.0,72,21.191687,72.803798,2026-07-14,Active
RE-1179,Vadodara,Harni,Apartment,2,2,1080.0,4860000.0,17,22.339959,73.225988,2026-09-04,Active
RE-1180,Vadodara,Akota,Apartment,3,3,1370.0,6000000.0,63,22.291715,73.177007,2026-07-25,Active
RE-1005,Surat,Varachha,Apartment,2,3,1300.0,4310000.0,43,21.230357,72.872365,2026-08-13,Active
RE-1036,Vadodara,Alkapuri,Penthouse,2,4,1110.0,11350000.0,25,22.31578,73.182477,2026-08-29,Active
RE-1081,Vadodara,Sama,Independent House,4,4,2630.0,11370000.0,39,22.344054,73.19687,2026-08-16,Active
